{"name":"72799fe4-e168-4ba2-8a14-4f318b256806","id":"/providers/Microsoft.Flow/flows/72799fe4-e168-4ba2-8a14-4f318b256806","type":"Microsoft.Flow/flows","properties":{"apiId":"/providers/Microsoft.PowerApps/apis/shared_logicflows","displayName":"LoanRequest","definition":{"metadata":{"workflowEntityId":null,"processAdvisorMetadata":null,"flowclientsuspensionreason":"None","flowclientsuspensiontime":null,"creator":{"id":"53fa34a5-9726-49df-bfee-5bb5cc664411","type":"User","tenantId":"5d2e66da-54ba-4897-82ee-60eeb8ce5994"},"provisioningMethod":"FromDefinition","failureAlertSubscription":true,"clientLastModifiedTime":"2021-11-11T22:08:10.5736902Z"},"$schema":"https://schema.management.azure.com/providers/Microsoft.Logic/schemas/2016-06-01/workflowdefinition.json#","contentVersion":"1.0.0.0","parameters":{"$connections":{"defaultValue":{},"type":"Object"},"$authentication":{"defaultValue":{},"type":"SecureObject"}},"triggers":{"When_an_item_is_created":{"recurrence":{"frequency":"Minute","interval":1},"splitOn":"@triggerOutputs()?['body/value']","metadata":{"operationMetadataId":"2a84d676-1a92-4724-9ac0-ffcbd4b809e7"},"type":"OpenApiConnection","inputs":{"host":{"apiId":"/providers/Microsoft.PowerApps/apis/shared_sharepointonline","connectionName":"shared_sharepointonline","operationId":"GetOnNewItems"},"parameters":{"dataset":"https://microdev.sharepoint.com/","table":"c65a9e0a-7242-49bd-be2a-0168e268546e"},"authentication":"@parameters('$authentication')"}}},"actions":{"Get_attachments":{"runAfter":{},"metadata":{"operationMetadataId":"67d7471f-f4d0-4a15-8b69-6d9d1a2985c3"},"type":"OpenApiConnection","inputs":{"host":{"apiId":"/providers/Microsoft.PowerApps/apis/shared_sharepointonline","connectionName":"shared_sharepointonline","operationId":"GetItemAttachments"},"parameters":{"dataset":"https://microdev.sharepoint.com/","table":"c65a9e0a-7242-49bd-be2a-0168e268546e","itemId":"@triggerOutputs()?['body/ID']"},"authentication":"@parameters('$authentication')"}},"Switch":{"runAfter":{"Start_and_wait_for_loan_approval_request":["Succeeded"]},"cases":{"Case_Loan_Request_Approved":{"case":"Approve","actions":{"Send_an_email_(V2)":{"runAfter":{},"type":"OpenApiConnection","inputs":{"host":{"apiId":"/providers/Microsoft.PowerApps/apis/shared_office365","connectionName":"shared_office365","operationId":"SendEmailV2"},"parameters":{"emailMessage/To":"Dafetta@microdev.onmicrosoft.com","emailMessage/Subject":"Loan Approved","emailMessage/Body":"<p>dear dafetta</p>","emailMessage/Attachments":"@variables('outlook attachment')"},"authentication":"@parameters('$authentication')"}},"Update_item":{"runAfter":{"Send_an_email_(V2)":["Succeeded"]},"type":"OpenApiConnection","inputs":{"host":{"apiId":"/providers/Microsoft.PowerApps/apis/shared_sharepointonline","connectionName":"shared_sharepointonline","operationId":"PatchItem"},"parameters":{"dataset":"https://microdev.sharepoint.com/","table":"c65a9e0a-7242-49bd-be2a-0168e268546e","id":"@triggerOutputs()?['body/ID']","item/ApprovalStatus/Value":"Approved","item/TriggerCondition":"false"},"authentication":"@parameters('$authentication')"}}}},"Case_Loan_Request_Rejected":{"case":"Reject","actions":{"Send_an_email_(V2)_2":{"runAfter":{},"type":"OpenApiConnection","inputs":{"host":{"apiId":"/providers/Microsoft.PowerApps/apis/shared_office365","connectionName":"shared_office365","operationId":"SendEmailV2"},"parameters":{"emailMessage/To":"Dafetta@microdev.onmicrosoft.com","emailMessage/Subject":"Loan Rejected","emailMessage/Body":"<p>Dear dafetta,<br>\n<br>\nblah blah b;ah</p>","emailMessage/Attachments":"@variables('outlook attachment')"},"authentication":"@parameters('$authentication')"}},"Update_item_2":{"runAfter":{"Send_an_email_(V2)_2":["Succeeded"]},"type":"OpenApiConnection","inputs":{"host":{"apiId":"/providers/Microsoft.PowerApps/apis/shared_sharepointonline","connectionName":"shared_sharepointonline","operationId":"PatchItem"},"parameters":{"dataset":"https://microdev.sharepoint.com/","table":"c65a9e0a-7242-49bd-be2a-0168e268546e","id":"@triggerOutputs()?['body/ID']","item/ApprovalStatus/Value":"Rejected","item/TriggerCondition":"false"},"authentication":"@parameters('$authentication')"}}}}},"default":{"actions":{}},"expression":"@outputs('Start_and_wait_for_loan_approval_request')?['body/outcome']","metadata":{"operationMetadataId":"9c5643a8-90a4-4655-b120-17472267e892"},"type":"Switch"},"Apply_to_each_attachments":{"foreach":"@outputs('Get_attachments')?['body']","actions":{"Get_attachment_content":{"runAfter":{},"metadata":{"operationMetadataId":"2bce3fd1-2299-4f21-aab9-6f42d5906f88"},"type":"OpenApiConnection","inputs":{"host":{"apiId":"/providers/Microsoft.PowerApps/apis/shared_sharepointonline","connectionName":"shared_sharepointonline","operationId":"GetAttachmentContent"},"parameters":{"dataset":"https://microdev.sharepoint.com/","table":"c65a9e0a-7242-49bd-be2a-0168e268546e","itemId":"@triggerOutputs()?['body/ID']","attachmentId":"@items('Apply_to_each_attachments')?['Id']"},"authentication":"@parameters('$authentication')"}},"Append_to_approval_attachment_array":{"runAfter":{"Get_attachment_content":["Succeeded"]},"metadata":{"operationMetadataId":"6e6c25f5-ee30-4e82-a892-9e71d7a150ef"},"type":"AppendToArrayVariable","inputs":{"name":"Attachment","value":{"name":"@items('Apply_to_each_attachments')?['DisplayName']","content":"@base64(outputs('Get_attachment_content')?['body'])"}}},"Append_to_outlook_attachment_array":{"runAfter":{"Get_attachment_content":["Succeeded"]},"metadata":{"operationMetadataId":"ace4ff32-dc53-4cf3-81ce-6e50f68db4f4"},"type":"AppendToArrayVariable","inputs":{"name":"outlook attachment","value":{"Name":"@items('Apply_to_each_attachments')?['DisplayName']","ContentBytes":"@base64(outputs('Get_attachment_content')?['body'])"}}}},"runAfter":{"Outlook_attachment":["Succeeded"]},"metadata":{"operationMetadataId":"3f7c87cb-e002-4f21-8fd1-743ad54430c5"},"type":"Foreach"},"Approval_attachment":{"runAfter":{"Get_attachments":["Succeeded"]},"metadata":{"operationMetadataId":"8dab0b81-7f3e-43c7-86ef-173960481ac1"},"type":"InitializeVariable","inputs":{"variables":[{"name":"Attachment","type":"array"}]}},"Start_and_wait_for_loan_approval_request":{"runAfter":{"Apply_to_each_attachments":["Succeeded"]},"metadata":{"operationMetadataId":"6887a45a-098d-49ae-bec3-8bc38b94c6b2"},"type":"OpenApiConnectionWebhook","inputs":{"host":{"apiId":"/providers/Microsoft.PowerApps/apis/shared_approvals","connectionName":"shared_approvals","operationId":"StartAndWaitForAnApproval"},"parameters":{"approvalType":"Basic","WebhookApprovalCreationInput/title":"@triggerOutputs()?['body/ApprovalStatus/Value']","WebhookApprovalCreationInput/assignedTo":"Dafetta@microdev.onmicrosoft.com;","WebhookApprovalCreationInput/enableNotifications":true,"WebhookApprovalCreationInput/enableReassignment":true,"WebhookApprovalCreationInput/attachments":"@variables('Attachment')"},"authentication":"@parameters('$authentication')"}},"Outlook_attachment":{"runAfter":{"Approval_attachment":["Succeeded"]},"metadata":{"operationMetadataId":"fc02e9a2-916b-412d-9def-a154d9b9902b"},"type":"InitializeVariable","inputs":{"variables":[{"name":"outlook attachment","type":"array"}]}}}},"connectionReferences":{"shared_sharepointonline":{"connectionName":"17256bc52fd048cda49854f191f3733d","source":"Embedded","id":"/providers/Microsoft.PowerApps/apis/shared_sharepointonline","tier":"NotSpecified"},"shared_office365":{"connectionName":"b29f730eb7f54f259d02f2101188b061","source":"Embedded","id":"/providers/Microsoft.PowerApps/apis/shared_office365","tier":"NotSpecified"},"shared_approvals":{"connectionName":"shared-approvals-7803de5b-ba43-4bed-9031-a41e-9a290a3e","source":"Embedded","id":"/providers/Microsoft.PowerApps/apis/shared_approvals","tier":"NotSpecified"}},"flowFailureAlertSubscribed":false}}